{
    "@context": [
        "http://www.w3.org/ns/csvw",
        {
            "@language": "en"
        }
    ],
    "dc:bibliographicCitation": "Michaelis, Susanne Maria & Maurer, Philippe & Haspelmath, Martin & Huber, Magnus (eds.) 2013. Atlas of Pidgin and Creole Language Structures Online. Leipzig: Max Planck Institute for Evolutionary Anthropology.",
    "dc:conformsTo": "http://cldf.clld.org/v1.0/terms.rdf#StructureDataset",
    "dc:identifier": "https://apics-online.info/",
    "dc:license": "https://creativecommons.org/licenses/by/4.0/",
    "dc:source": "sources.bib",
    "dc:title": "Atlas of Pidgin and Creole Language Structures Online",
    "dcat:accessURL": "https://github.com/cldf-datasets/apics",
    "prov:wasDerivedFrom": [
        {
            "rdf:type": "prov:Entity",
            "dc:title": "Repository",
            "rdf:about": "https://github.com/cldf-datasets/apics",
            "dc:created": "c93c54d"
        },
        {
            "rdf:type": "prov:Entity",
            "dc:title": "Glottolog",
            "rdf:about": "https://github.com/glottolog/glottolog",
            "dc:created": "v4.2.1"
        }
    ],
    "prov:wasGeneratedBy": [
        {
            "dc:title": "python",
            "dc:description": "3.5.2"
        },
        {
            "dc:title": "python-packages",
            "dc:relation": "requirements.txt"
        }
    ],
    "rdf:ID": "apics",
    "rdf:type": "http://www.w3.org/ns/dcat#Distribution",
    "dialect": {
        "commentPrefix": null
    },
    "tables": [
        {
            "dc:conformsTo": "http://cldf.clld.org/v1.0/terms.rdf#ValueTable",
            "dc:extent": 20624,
            "tableSchema": {
                "columns": [
                    {
                        "datatype": {
                            "base": "string",
                            "format": "[a-zA-Z0-9_\\-]+"
                        },
                        "propertyUrl": "http://cldf.clld.org/v1.0/terms.rdf#id",
                        "required": true,
                        "name": "ID"
                    },
                    {
                        "datatype": "string",
                        "propertyUrl": "http://cldf.clld.org/v1.0/terms.rdf#languageReference",
                        "required": true,
                        "name": "Language_ID"
                    },
                    {
                        "datatype": "string",
                        "propertyUrl": "http://cldf.clld.org/v1.0/terms.rdf#parameterReference",
                        "required": true,
                        "name": "Parameter_ID"
                    },
                    {
                        "datatype": "string",
                        "null": [
                            "?",
                            ""
                        ],
                        "propertyUrl": "http://cldf.clld.org/v1.0/terms.rdf#value",
                        "required": false,
                        "name": "Value"
                    },
                    {
                        "datatype": "string",
                        "propertyUrl": "http://cldf.clld.org/v1.0/terms.rdf#codeReference",
                        "required": false,
                        "name": "Code_ID"
                    },
                    {
                        "datatype": "string",
                        "propertyUrl": "http://cldf.clld.org/v1.0/terms.rdf#comment",
                        "required": false,
                        "name": "Comment"
                    },
                    {
                        "datatype": "string",
                        "propertyUrl": "http://cldf.clld.org/v1.0/terms.rdf#source",
                        "required": false,
                        "separator": ";",
                        "name": "Source"
                    },
                    {
                        "propertyUrl": "http://cldf.clld.org/v1.0/terms.rdf#exampleReference",
                        "separator": " ",
                        "name": "Example_ID"
                    },
                    {
                        "datatype": "number",
                        "name": "Frequency"
                    },
                    {
                        "datatype": "string",
                        "name": "Confidence"
                    },
                    {
                        "dc:format": "text/json",
                        "name": "Metadata"
                    },
                    {
                        "datatype": "string",
                        "name": "source_comment"
                    }
                ],
                "foreignKeys": [
                    {
                        "columnReference": [
                            "Parameter_ID"
                        ],
                        "reference": {
                            "resource": "parameters.csv",
                            "columnReference": [
                                "ID"
                            ]
                        }
                    },
                    {
                        "columnReference": [
                            "Code_ID"
                        ],
                        "reference": {
                            "resource": "codes.csv",
                            "columnReference": [
                                "ID"
                            ]
                        }
                    },
                    {
                        "columnReference": [
                            "Language_ID"
                        ],
                        "reference": {
                            "resource": "languages.csv",
                            "columnReference": [
                                "ID"
                            ]
                        }
                    },
                    {
                        "columnReference": [
                            "Example_ID"
                        ],
                        "reference": {
                            "resource": "examples.csv",
                            "columnReference": [
                                "ID"
                            ]
                        }
                    }
                ],
                "primaryKey": [
                    "ID"
                ]
            },
            "url": "values.csv"
        },
        {
            "dc:extent": 267,
            "tableSchema": {
                "columns": [
                    {
                        "propertyUrl": "http://cldf.clld.org/v1.0/terms.rdf#id",
                        "name": "ID"
                    },
                    {
                        "propertyUrl": "http://cldf.clld.org/v1.0/terms.rdf#name",
                        "name": "Name"
                    }
                ],
                "primaryKey": [
                    "ID"
                ]
            },
            "url": "glossabbreviations.csv"
        },
        {
            "dc:extent": 451,
            "tableSchema": {
                "columns": [
                    {
                        "propertyUrl": "http://cldf.clld.org/v1.0/terms.rdf#id",
                        "valueUrl": "https://cdstar.shh.mpg.de/bitstreams/{Name}",
                        "name": "ID"
                    },
                    {
                        "propertyUrl": "http://cldf.clld.org/v1.0/terms.rdf#name",
                        "name": "Name"
                    },
                    {
                        "propertyUrl": "http://cldf.clld.org/v1.0/terms.rdf#description",
                        "name": "Description"
                    },
                    {
                        "datatype": "string",
                        "name": "mimetype"
                    },
                    {
                        "datatype": "integer",
                        "name": "size"
                    }
                ],
                "primaryKey": [
                    "ID"
                ]
            },
            "url": "media.csv"
        },
        {
            "dc:conformsTo": "http://cldf.clld.org/v1.0/terms.rdf#ParameterTable",
            "dc:extent": 336,
            "tableSchema": {
                "columns": [
                    {
                        "datatype": {
                            "base": "string",
                            "format": "[a-zA-Z0-9_\\-]+"
                        },
                        "propertyUrl": "http://cldf.clld.org/v1.0/terms.rdf#id",
                        "required": true,
                        "valueUrl": "https://apics-online.info/parameters/{id}",
                        "name": "ID"
                    },
                    {
                        "datatype": "string",
                        "propertyUrl": "http://cldf.clld.org/v1.0/terms.rdf#name",
                        "required": false,
                        "name": "Name"
                    },
                    {
                        "datatype": "string",
                        "propertyUrl": "http://cldf.clld.org/v1.0/terms.rdf#description",
                        "required": false,
                        "name": "Description"
                    },
                    {
                        "dc:description": "Authors of the Atlas chapter describing the feature",
                        "separator": " ",
                        "name": "Contributor_ID"
                    },
                    {
                        "datatype": "string",
                        "name": "Chapter"
                    },
                    {
                        "dc:description": "Primary or structural feature, segment or sociolinguistic feature",
                        "name": "Type"
                    },
                    {
                        "valueUrl": "https://phoible.org/parameters/{PHOIBLE_Segment_ID}",
                        "name": "PHOIBLE_Segment_ID"
                    },
                    {
                        "datatype": "string",
                        "name": "PHOIBLE_Segment_Name"
                    },
                    {
                        "datatype": "boolean",
                        "name": "Multivalued"
                    },
                    {
                        "dc:description": "ID of the corresponding WALS feature",
                        "name": "WALS_ID"
                    },
                    {
                        "datatype": "integer",
                        "name": "WALS_Representation"
                    },
                    {
                        "datatype": "string",
                        "name": "Area"
                    },
                    {
                        "datatype": "string",
                        "name": "Map_Gall_Peters"
                    },
                    {
                        "dc:format": "application/json",
                        "name": "metadata"
                    }
                ],
                "foreignKeys": [
                    {
                        "columnReference": [
                            "Contributor_ID"
                        ],
                        "reference": {
                            "resource": "contributors.csv",
                            "columnReference": [
                                "ID"
                            ]
                        }
                    },
                    {
                        "columnReference": [
                            "Map_Gall_Peters"
                        ],
                        "reference": {
                            "resource": "media.csv",
                            "columnReference": [
                                "ID"
                            ]
                        }
                    }
                ],
                "primaryKey": [
                    "ID"
                ]
            },
            "url": "parameters.csv"
        },
        {
            "dc:conformsTo": "http://cldf.clld.org/v1.0/terms.rdf#CodeTable",
            "dc:extent": 1404,
            "tableSchema": {
                "columns": [
                    {
                        "datatype": {
                            "base": "string",
                            "format": "[a-zA-Z0-9_\\-]+"
                        },
                        "propertyUrl": "http://cldf.clld.org/v1.0/terms.rdf#id",
                        "required": true,
                        "name": "ID"
                    },
                    {
                        "datatype": "string",
                        "propertyUrl": "http://cldf.clld.org/v1.0/terms.rdf#parameterReference",
                        "required": true,
                        "name": "Parameter_ID"
                    },
                    {
                        "datatype": "string",
                        "propertyUrl": "http://cldf.clld.org/v1.0/terms.rdf#name",
                        "required": false,
                        "name": "Name"
                    },
                    {
                        "datatype": "string",
                        "propertyUrl": "http://cldf.clld.org/v1.0/terms.rdf#description",
                        "required": false,
                        "name": "Description"
                    },
                    {
                        "datatype": "integer",
                        "name": "Number"
                    },
                    {
                        "datatype": "string",
                        "name": "icon"
                    },
                    {
                        "datatype": "string",
                        "name": "color"
                    },
                    {
                        "datatype": "string",
                        "name": "abbr"
                    }
                ],
                "foreignKeys": [
                    {
                        "columnReference": [
                            "Parameter_ID"
                        ],
                        "reference": {
                            "resource": "parameters.csv",
                            "columnReference": [
                                "ID"
                            ]
                        }
                    }
                ],
                "primaryKey": [
                    "ID"
                ]
            },
            "url": "codes.csv"
        },
        {
            "dc:conformsTo": "http://cldf.clld.org/v1.0/terms.rdf#LanguageTable",
            "dc:extent": 104,
            "tableSchema": {
                "columns": [
                    {
                        "datatype": {
                            "base": "string",
                            "format": "[a-zA-Z0-9_\\-]+"
                        },
                        "propertyUrl": "http://cldf.clld.org/v1.0/terms.rdf#id",
                        "required": true,
                        "valueUrl": "https://apics-online.info/contributions/{id}",
                        "name": "ID"
                    },
                    {
                        "datatype": "string",
                        "propertyUrl": "http://cldf.clld.org/v1.0/terms.rdf#name",
                        "required": false,
                        "name": "Name"
                    },
                    {
                        "datatype": "string",
                        "propertyUrl": "http://cldf.clld.org/v1.0/terms.rdf#macroarea",
                        "required": false,
                        "name": "Macroarea"
                    },
                    {
                        "datatype": {
                            "base": "decimal",
                            "minimum": -90,
                            "maximum": 90
                        },
                        "propertyUrl": "http://cldf.clld.org/v1.0/terms.rdf#latitude",
                        "required": false,
                        "name": "Latitude"
                    },
                    {
                        "datatype": {
                            "base": "decimal",
                            "minimum": -180,
                            "maximum": 180
                        },
                        "propertyUrl": "http://cldf.clld.org/v1.0/terms.rdf#longitude",
                        "required": false,
                        "name": "Longitude"
                    },
                    {
                        "datatype": {
                            "base": "string",
                            "format": "[a-z0-9]{4}[1-9][0-9]{3}"
                        },
                        "propertyUrl": "http://cldf.clld.org/v1.0/terms.rdf#glottocode",
                        "required": false,
                        "valueUrl": "http://glottolog.org/resource/languoid/id/{glottocode}",
                        "name": "Glottocode"
                    },
                    {
                        "datatype": {
                            "base": "string",
                            "format": "[a-z]{3}"
                        },
                        "propertyUrl": "http://cldf.clld.org/v1.0/terms.rdf#iso639P3code",
                        "required": false,
                        "name": "ISO639P3code"
                    },
                    {
                        "dc:format": "text/html",
                        "propertyUrl": "http://cldf.clld.org/v1.0/terms.rdf#description",
                        "name": "Description"
                    },
                    {
                        "dc:description": "Authors contributing the language structure dataset",
                        "separator": " ",
                        "name": "Data_Contributor_ID"
                    },
                    {
                        "dc:description": "Authors of the language survey",
                        "separator": " ",
                        "name": "Survey_Contributor_ID"
                    },
                    {
                        "datatype": "string",
                        "name": "Survey_Title"
                    },
                    {
                        "propertyUrl": "http://cldf.clld.org/v1.0/terms.rdf#source",
                        "separator": ";",
                        "name": "Source"
                    },
                    {
                        "datatype": "string",
                        "name": "Ethnologue_Name"
                    },
                    {
                        "datatype": "string",
                        "name": "Glossed_Text_PDF"
                    },
                    {
                        "datatype": "string",
                        "name": "Glossed_Text_Audio"
                    },
                    {
                        "dc:format": "text/json",
                        "name": "Metadata"
                    },
                    {
                        "datatype": "string",
                        "name": "Region"
                    },
                    {
                        "dc:description": "Sometimes the languages or varieties that the APiCS language experts described were not internally \nhomogeneous, but different subvarieties (or lects) had different value choices for some feature. \nSuch non-default lects are marked with a non-empty \"Default_Lect_ID\" column, relating the (sub)lect\nwith a default lect. Thus the default lect that was primarily described by the contributors need \nnot be representative for the entire language.",
                        "name": "Default_Lect_ID"
                    },
                    {
                        "dc:description": "To help the reader\u2019s orientation, we have classified our languages into English-based, Dutch-based, \nPortuguese-based, and so on. This classification is not entirely uncontroversial. On the one hand, \ncontact languages are characterized by strong influence from multiple languages, so saying, for \ninstance, that Haitian Creole is French-based is problematic, as it glosses over the very important \ncontribution of the African languages, especially to the grammar of the language. For this reason, \nmany authors have used expressions like \u201cFrench-lexified\u201d, \u201cDutch-lexified\u201d for such languages, \nwhich only refer to the role of the European languages as primary lexicon-providers. We agree that \nsuch terms are more precise, but they are also more cumbersome, so we have mostly used the older \n(and still much more widespread) manner of talking about groups of creoles and pidgins. We think \nthat it is sufficiently well-known that \u201cEnglish-based\u201d (etc.) is not meant to imply anything other \nthan that the bulk of the language\u2019s lexicon is derived from English.\n\nOn the other hand, the notion of being based on a language is problematic in the case of languages \nwith several lexifiers, especially Gurindji Kriol and Michif. These are shown as having two \nlexifiers (or lexifier \"other\"). There are also a few other cases where it is not fully clear what\nthe primary lexifier is. Saramaccan\u2019s vocabulary has a very large Portuguese component, but for \nsimplicity we classify it as English-based here. Papiamentu is often thought to be originally \n(Afro-)Portuguese-based, but as it has long been influenced much more by Spanish, we classify it \nas Spanish-based.",
                        "name": "Lexifier"
                    }
                ],
                "foreignKeys": [
                    {
                        "columnReference": [
                            "Glossed_Text_PDF"
                        ],
                        "reference": {
                            "resource": "media.csv",
                            "columnReference": [
                                "ID"
                            ]
                        }
                    },
                    {
                        "columnReference": [
                            "Glossed_Text_Audio"
                        ],
                        "reference": {
                            "resource": "media.csv",
                            "columnReference": [
                                "ID"
                            ]
                        }
                    },
                    {
                        "columnReference": [
                            "Default_Lect_ID"
                        ],
                        "reference": {
                            "resource": "languages.csv",
                            "columnReference": [
                                "ID"
                            ]
                        }
                    }
                ],
                "primaryKey": [
                    "ID"
                ]
            },
            "url": "languages.csv"
        },
        {
            "dc:conformsTo": "http://cldf.clld.org/v1.0/terms.rdf#ExampleTable",
            "dc:extent": 18526,
            "tableSchema": {
                "columns": [
                    {
                        "datatype": {
                            "base": "string",
                            "format": "[a-zA-Z0-9_\\-]+"
                        },
                        "propertyUrl": "http://cldf.clld.org/v1.0/terms.rdf#id",
                        "required": true,
                        "name": "ID"
                    },
                    {
                        "datatype": "string",
                        "propertyUrl": "http://cldf.clld.org/v1.0/terms.rdf#languageReference",
                        "required": true,
                        "name": "Language_ID"
                    },
                    {
                        "datatype": "string",
                        "propertyUrl": "http://cldf.clld.org/v1.0/terms.rdf#primaryText",
                        "required": true,
                        "name": "Primary_Text"
                    },
                    {
                        "datatype": "string",
                        "propertyUrl": "http://cldf.clld.org/v1.0/terms.rdf#analyzedWord",
                        "required": false,
                        "separator": "\\t",
                        "name": "Analyzed_Word"
                    },
                    {
                        "datatype": "string",
                        "propertyUrl": "http://cldf.clld.org/v1.0/terms.rdf#gloss",
                        "required": false,
                        "separator": "\\t",
                        "name": "Gloss"
                    },
                    {
                        "datatype": "string",
                        "propertyUrl": "http://cldf.clld.org/v1.0/terms.rdf#translatedText",
                        "required": false,
                        "name": "Translated_Text"
                    },
                    {
                        "datatype": "string",
                        "propertyUrl": "http://cldf.clld.org/v1.0/terms.rdf#metaLanguageReference",
                        "required": false,
                        "name": "Meta_Language_ID"
                    },
                    {
                        "datatype": "string",
                        "propertyUrl": "http://cldf.clld.org/v1.0/terms.rdf#comment",
                        "required": false,
                        "name": "Comment"
                    },
                    {
                        "propertyUrl": "http://cldf.clld.org/v1.0/terms.rdf#source",
                        "separator": ";",
                        "name": "Source"
                    },
                    {
                        "datatype": "string",
                        "name": "Audio"
                    },
                    {
                        "propertyUrl": "dc:type",
                        "name": "Type"
                    },
                    {
                        "dc:format": "text/html",
                        "name": "markup_text"
                    },
                    {
                        "dc:format": "text/html",
                        "name": "markup_analyzed"
                    },
                    {
                        "dc:format": "text/html",
                        "name": "markup_gloss"
                    },
                    {
                        "dc:format": "text/html",
                        "name": "markup_comment"
                    },
                    {
                        "datatype": "string",
                        "name": "source_comment"
                    },
                    {
                        "datatype": "string",
                        "name": "original_script"
                    },
                    {
                        "datatype": "string",
                        "name": "sort"
                    },
                    {
                        "datatype": "string",
                        "name": "alt_translation"
                    }
                ],
                "foreignKeys": [
                    {
                        "columnReference": [
                            "Language_ID"
                        ],
                        "reference": {
                            "resource": "languages.csv",
                            "columnReference": [
                                "ID"
                            ]
                        }
                    },
                    {
                        "columnReference": [
                            "Meta_Language_ID"
                        ],
                        "reference": {
                            "resource": "languages.csv",
                            "columnReference": [
                                "ID"
                            ]
                        }
                    },
                    {
                        "columnReference": [
                            "Audio"
                        ],
                        "reference": {
                            "resource": "media.csv",
                            "columnReference": [
                                "ID"
                            ]
                        }
                    }
                ],
                "primaryKey": [
                    "ID"
                ]
            },
            "url": "examples.csv"
        },
        {
            "dc:conformsTo": null,
            "dc:extent": 90,
            "tableSchema": {
                "columns": [
                    {
                        "propertyUrl": "http://cldf.clld.org/v1.0/terms.rdf#id",
                        "name": "ID"
                    },
                    {
                        "propertyUrl": "http://cldf.clld.org/v1.0/terms.rdf#name",
                        "name": "Name"
                    },
                    {
                        "datatype": "string",
                        "name": "Address"
                    },
                    {
                        "datatype": "string",
                        "name": "URL"
                    },
                    {
                        "datatype": "integer",
                        "name": "editor_ord"
                    }
                ],
                "primaryKey": [
                    "ID"
                ]
            },
            "url": "contributors.csv"
        }
    ]
}